Date,Exercise,Category,Weight (lbs),Reps,Distance,Distance Unit,Time,Comment
2021-07-12,Hammer Strength Row,Back,50.0,50,,,,""
2021-07-12,Hammer Strength Row,Back,40.0,30,,,,""
2021-07-12,Lat Pulldown,Back,50.0,50,,,,""
2021-07-12,Hammer Strength Shoulder Press,Shoulders,40.0,50,,,,""
2021-07-12,Lat Pulldown,Back,55.0,30,,,,""
2021-07-12,Back Extension,Back,85.0,20,,,,""
2021-07-12,Back Extension,Back,100.0,6,,,,""
2021-07-12,Hammer Strength Chest Press,Chest,40.0,10,,,,""
2021-07-12,Hammer Strength Chest Press,Chest,30.0,10,,,,""
2021-07-12,Hammer Strength Chest Press,Chest,20.0,10,,,,""
2021-07-15,Hip Abduction Outer,Legs,100.0,20,,,,""
2021-07-15,Hip Abduction Outer,Legs,100.0,10,,,,""
2021-07-15,Hip Abduction Outer,Legs,100.0,10,,,,""
2021-07-15,Hip Abduction Outer,Legs,100.0,10,,,,""
2021-07-15,Hip Abduction Inner,Legs,100.0,10,,,,""
2021-07-15,Hip Abduction Inner,Legs,100.0,10,,,,""
2021-07-15,Hip Abduction Inner,Legs,100.0,10,,,,""
2021-07-15,Hip Abduction Inner,Legs,100.0,10,,,,""
2021-07-15,Leg Extension Machine,Legs,100.0,10,,,,""
2021-07-15,Leg Extension Machine,Legs,100.0,10,,,,""
2021-07-15,Leg Extension Machine,Legs,85.0,10,,,,""
2021-07-15,Leg Extension Machine,Legs,85.0,10,,,,""
2021-07-15,Leg Extension Machine,Legs,85.0,10,,,,""
2021-07-15,Seated Leg Curl Machine,Legs,100.0,10,,,,""
2021-07-15,Seated Leg Curl Machine,Legs,85.0,10,,,,""
2021-07-15,Seated Leg Curl Machine,Legs,85.0,15,,,,""
2021-07-15,Seated Calf Extension,Legs,100.0,20,,,,""
2021-07-15,Seated Calf Extension,Legs,100.0,10,,,,""
2021-07-15,Seated Calf Extension,Legs,100.0,10,,,,""
2021-07-15,Seated Calf Extension,Legs,100.0,10,,,,""
2021-07-15,Torso Rotation,Abs,100.0,10,,,,""
2021-07-15,Torso Rotation,Abs,100.0,10,,,,""
2021-07-15,Torso Rotation,Abs,100.0,10,,,,""
2021-07-15,Torso Rotation,Abs,100.0,10,,,,""
2021-07-15,Hip Abduction Outer,Legs,100.0,10,,,,""
2021-07-15,Hip Abduction Outer,Legs,100.0,10,,,,""
2021-07-15,Hip Abduction Outer,Legs,100.0,10,,,,""
2021-07-15,Hip Abduction Outer,Legs,100.0,10,,,,""
2021-07-15,Hip Abduction Outer,Legs,100.0,10,,,,""
2021-07-15,Hip Abduction Inner,Legs,100.0,10,,,,""
2021-07-15,Hip Abduction Inner,Legs,85.0,10,,,,""
2021-07-15,Hip Abduction Inner,Legs,85.0,10,,,,""
2021-07-15,Hip Abduction Inner,Legs,85.0,10,,,,""
2021-07-15,Crunch,Abs,80.0,10,,,,""
2021-07-15,Crunch,Abs,80.0,10,,,,""
2021-07-15,Barbell Curl,Biceps,15.0,50,,,,""
2021-07-15,Barbell Curl,Biceps,15.0,50,,,,""
2021-07-15,Seated Leg Press,Legs,100.0,10,,,,""
2021-07-15,Seated Leg Press,Legs,100.0,10,,,,""
2021-07-15,Seated Leg Press,Legs,100.0,10,,,,""
2021-07-15,Seated Leg Press,Legs,100.0,10,,,,""
2021-07-15,Seated Leg Press,Legs,100.0,10,,,,""
2021-07-19,Hammer Strength Chest Press,Chest,60.0,10,,,,""
2021-07-19,Hammer Strength Shoulder Press,Shoulders,80.0,10,,,,""
2021-07-19,Hammer Strength Shoulder Press,Shoulders,80.0,10,,,,""
2021-07-19,Hammer Strength Shoulder Press,Shoulders,60.0,10,,,,""
2021-07-19,Hammer Strength Shoulder Press,Shoulders,60.0,10,,,,""
2021-07-19,Hammer Strength Shoulder Press,Shoulders,60.0,10,,,,""
2021-07-19,Hammer Strength Row,Back,80.0,10,,,,""
2021-07-19,Hammer Strength Row,Back,80.0,10,,,,""
2021-07-19,Hammer Strength Row,Back,80.0,10,,,,""
2021-07-19,Hammer Strength Chest Press,Chest,60.0,10,,,,""
2021-07-19,Hammer Strength Row,Back,80.0,10,,,,""
2021-07-19,Hammer Strength Row,Back,80.0,10,,,,""
2021-07-19,Hammer Strength Row,Back,80.0,10,,,,""
2021-07-19,Hammer Strength Row,Back,80.0,10,,,,""
2021-07-19,Hammer Strength Row,Back,80.0,10,,,,""
2021-07-19,Hammer Strength Row,Back,80.0,10,,,,""
2021-07-19,Hammer Strength Row,Back,80.0,10,,,,""
2021-07-19,Barbell Curl,Biceps,15.0,70,,,,""
2021-07-19,Barbell Curl,Biceps,15.0,30,,,,""
2021-07-19,Hammer Strength Chest Press,Chest,60.0,10,,,,""
2021-07-19,Hammer Strength Chest Press,Chest,60.0,10,,,,""
2021-07-19,Hammer Strength Chest Press,Chest,60.0,10,,,,""
2021-07-29,Hammer Strength Row,Back,80.0,10,,,,""
2021-07-29,Hammer Strength Row,Back,80.0,10,,,,""
2021-07-29,Hammer Strength Row,Back,80.0,10,,,,""
2021-07-29,Hammer Strength Row,Back,80.0,10,,,,""
2021-07-29,Hammer Strength Row,Back,80.0,10,,,,""
2021-07-29,Hammer Strength Row,Back,80.0,10,,,,""
2021-07-29,Hammer Strength Row,Back,80.0,10,,,,""
2021-07-29,Hammer Strength Row,Back,80.0,10,,,,""
2021-07-29,Hammer Strength Chest Press,Chest,60.0,10,,,,""
2021-07-29,Hammer Strength Chest Press,Chest,60.0,10,,,,""
2021-07-29,Hammer Strength Chest Press,Chest,60.0,10,,,,""
2021-07-29,Barbell Curl,Biceps,15.0,10,,,,""
2021-07-29,Hammer Strength Row,Back,80.0,10,,,,""
2021-07-29,Hammer Strength Row,Back,80.0,10,,,,""
2021-07-29,Barbell Curl,Biceps,15.0,20,,,,""
2021-07-29,Barbell Curl,Biceps,15.0,10,,,,""
2021-07-29,Barbell Curl,Biceps,15.0,10,,,,""
2021-07-29,Triceps Press,Triceps,55.0,10,,,,""
2021-07-29,Triceps Press,Triceps,55.0,10,,,,""
2021-07-29,Triceps Press,Triceps,55.0,10,,,,""
2021-07-29,Triceps Press,Triceps,55.0,10,,,,""
2021-07-29,Hammer Strength Chest Press,Chest,40.0,10,,,,""
2021-07-29,Hammer Strength Chest Press,Chest,40.0,10,,,,""
2021-07-29,Torso Rotation,Abs,100.0,10,,,,""
2021-07-29,Torso Rotation,Abs,100.0,10,,,,""
2021-07-29,Torso Rotation,Abs,100.0,10,,,,""
2021-07-29,Torso Rotation,Abs,100.0,10,,,,""
2021-07-29,Torso Rotation,Abs,100.0,10,,,,""
2021-07-29,Torso Rotation,Abs,100.0,10,,,,""
2021-07-29,Barbell Curl,Biceps,15.0,20,,,,""
2021-07-29,Barbell Curl,Biceps,15.0,10,,,,""
2021-08-02,Hammer Strength Row,Back,80.0,10,,,,""
2021-08-02,Hammer Strength Row,Back,80.0,10,,,,""
2021-08-02,Hammer Strength Row,Back,80.0,10,,,,""
2021-08-02,Hammer Strength Chest Press,Chest,60.0,10,,,,""
2021-08-02,Hammer Strength Chest Press,Chest,60.0,10,,,,""
2021-08-02,Hammer Strength Chest Press,Chest,60.0,10,,,,""
2021-08-02,Hammer Strength Chest Press,Chest,60.0,10,,,,""
2021-08-02,Hammer Strength Chest Press,Chest,60.0,8,,,,""
2021-08-02,Hammer Strength Row,Back,80.0,10,,,,""
2021-08-02,Hammer Strength Row,Back,80.0,10,,,,""
2021-08-02,Hammer Strength Row,Back,80.0,10,,,,""
2021-08-02,Hammer Strength Row,Back,80.0,10,,,,""
2021-08-02,Back Extension,Back,85.0,10,,,,""
2021-08-02,Back Extension,Back,85.0,10,,,,""
2021-08-02,Row,Back,55.0,10,,,,""
2021-08-02,Row,Back,55.0,10,,,,""
2021-08-02,Row,Back,55.0,10,,,,""
2021-08-02,Row,Back,55.0,10,,,,""
2021-08-02,Pectoral Fly,Chest,70.0,10,,,,""
2021-08-02,Pectoral Fly,Chest,70.0,10,,,,""
2021-08-02,Lat Pulldown,Back,85.0,10,,,,""
2021-08-02,Lat Pulldown,Back,70.0,10,,,,""
2021-08-02,Lat Pulldown,Back,70.0,10,,,,""
2021-08-02,Lat Pulldown,Back,70.0,10,,,,""
2021-08-02,Lat Pulldown,Back,70.0,10,,,,""
2021-08-02,Hammer Strength Abdominal Crunch,Abs,50.0,10,,,,""
2021-08-02,Hammer Strength Abdominal Crunch,Abs,50.0,10,,,,""
2021-08-02,Hammer Strength Abdominal Crunch,Abs,50.0,10,,,,""
2021-08-02,Hammer Strength Abdominal Crunch,Abs,50.0,10,,,,""
2021-08-02,Barbell Curl,Biceps,15.0,50,,,,""
2021-08-02,Back Extension,Back,70.0,10,,,,""
2021-08-02,Back Extension,Back,70.0,10,,,,""
2021-08-02,Back Extension,Back,70.0,10,,,,""
2021-08-02,Back Extension,Back,70.0,10,,,,""
2021-08-02,Lat Pulldown,Back,70.0,10,,,,""
2021-08-02,Lat Pulldown,Back,70.0,10,,,,""
2021-08-02,Lat Pulldown,Back,70.0,10,,,,""
2021-08-02,Lat Pulldown,Back,70.0,10,,,,""
2021-08-02,Lat Pulldown,Back,70.0,10,,,,""
2021-08-02,Hammer Strength Chest Press,Chest,60.0,10,,,,""
2021-08-02,Hammer Strength Chest Press,Chest,60.0,10,,,,""
2021-08-02,Hammer Strength Chest Press,Chest,60.0,10,,,,""
2021-08-02,Torso Rotation,Abs,85.0,10,,,,""
2021-08-02,Torso Rotation,Abs,85.0,10,,,,""
2021-08-02,Torso Rotation,Abs,85.0,10,,,,""
2021-08-02,Torso Rotation,Abs,85.0,10,,,,""
2021-08-02,Torso Rotation,Abs,85.0,10,,,,""
2021-08-02,Torso Rotation,Abs,85.0,10,,,,""
2021-08-02,Torso Rotation,Abs,85.0,10,,,,""
2021-08-02,Torso Rotation,Abs,85.0,10,,,,""
2021-08-02,Torso Rotation,Abs,85.0,10,,,,""
2021-08-02,Torso Rotation,Abs,85.0,10,,,,""
2021-08-09,Back Extension,Back,85.0,10,,,,""
2021-08-09,Back Extension,Back,85.0,10,,,,""
2021-08-09,Back Extension,Back,85.0,10,,,,""
2021-08-09,Back Extension,Back,85.0,10,,,,""
2021-08-09,Barbell Curl,Biceps,15.0,70,,,,""
2021-08-09,Hammer Strength Row,Back,80.0,10,,,,""
2021-08-09,Hammer Strength Row,Back,80.0,10,,,,""
2021-08-09,Hammer Strength Row,Back,80.0,10,,,,""
2021-08-09,Hammer Strength Row,Back,80.0,10,,,,""
2021-08-09,Hammer Strength Row,Back,80.0,10,,,,""
2021-08-09,Hammer Strength Row,Back,80.0,10,,,,""
2021-08-09,Hammer Strength Row,Back,80.0,10,,,,""
2021-08-09,Hammer Strength Row,Back,80.0,10,,,,""
2021-08-09,Hammer Strength Row,Back,80.0,10,,,,""
2021-08-09,Hammer Strength Row,Back,90.0,10,,,,""
2021-08-09,Hammer Strength Chest Press,Chest,60.0,10,,,,""
2021-08-09,Hammer Strength Chest Press,Chest,60.0,10,,,,""
2021-08-09,Hammer Strength Chest Press,Chest,60.0,10,,,,""
2021-08-09,Hammer Strength Chest Press,Chest,60.0,10,,,,""
2021-08-09,Hammer Strength Chest Press,Chest,60.0,10,,,,""
2021-08-09,Torso Rotation,Abs,100.0,10,,,,""
2021-08-09,Torso Rotation,Abs,100.0,10,,,,""
2021-08-09,Torso Rotation,Abs,100.0,10,,,,""
2021-08-09,Torso Rotation,Abs,100.0,10,,,,""
2021-08-09,Torso Rotation,Abs,100.0,10,,,,""
2021-08-09,Torso Rotation,Abs,100.0,10,,,,""
2021-08-12,Hammer Strength Row,Back,80.0,10,,,,""
2021-08-12,Hammer Strength Row,Back,100.0,10,,,,""
2021-08-12,Hammer Strength Row,Back,100.0,10,,,,""
2021-08-12,Hammer Strength Row,Back,80.0,10,,,,""
2021-08-12,Hammer Strength Row,Back,80.0,10,,,,""
2021-08-12,Hammer Strength Row,Back,80.0,10,,,,""
2021-08-12,Hammer Strength Row,Back,80.0,10,,,,""
2021-08-12,Hammer Strength Row,Back,80.0,10,,,,""
2021-08-12,Hammer Strength Row,Back,80.0,10,,,,""
2021-08-12,Hammer Strength Row,Back,80.0,10,,,,""
2021-08-12,Hammer Strength Shoulder Press,Shoulders,80.0,10,,,,""
2021-08-12,Hammer Strength Shoulder Press,Shoulders,80.0,10,,,,""
2021-08-12,Hammer Strength Shoulder Press,Shoulders,80.0,10,,,,""
2021-08-12,Hammer Strength Shoulder Press,Shoulders,60.0,10,,,,""
2021-08-12,Hammer Strength Shoulder Press,Shoulders,60.0,8,,,,""
2021-08-12,Back Extension,Back,100.0,10,,,,""
2021-08-12,Barbell Curl,Biceps,15.0,40,,,,""
2021-08-12,Hammer Strength Chest Press,Chest,40.0,10,,,,""
2021-08-12,Hammer Strength Chest Press,Chest,40.0,10,,,,""
2021-08-17,Hammer Strength Chest Press,Chest,60.0,10,,,,""
2021-08-17,Hammer Strength Chest Press,Chest,60.0,10,,,,""
2021-08-17,Hammer Strength Chest Press,Chest,60.0,10,,,,""
2021-08-17,Hammer Strength Chest Press,Chest,80.0,10,,,,""
2021-08-17,Hammer Strength Chest Press,Chest,60.0,10,,,,""
2021-08-17,Hammer Strength Chest Press,Chest,60.0,10,,,,""
2021-08-17,Hammer Strength Row,Back,100.0,10,,,,""
2021-08-17,Hammer Strength Row,Back,100.0,10,,,,""
2021-08-17,Hammer Strength Row,Back,100.0,10,,,,""
2021-08-17,Hammer Strength Row,Back,100.0,10,,,,""
2021-08-17,Torso Rotation,Abs,100.0,10,,,,""
2021-08-17,Torso Rotation,Abs,115.0,10,,,,""
2021-08-17,Torso Rotation,Abs,115.0,10,,,,""
2021-08-17,Barbell Curl,Biceps,15.0,50,,,,""
2021-08-17,Back Extension,Back,100.0,10,,,,""
2021-08-17,Back Extension,Back,130.0,10,,,,""
2021-08-17,Back Extension,Back,100.0,10,,,,""
2021-08-17,Back Extension,Back,100.0,10,,,,""
2021-08-17,Back Extension,Back,100.0,10,,,,""
2021-08-24,Hammer Strength Chest Press,Chest,60.0,10,,,,""
2021-08-24,Hammer Strength Chest Press,Chest,60.0,10,,,,""
2021-08-24,Hammer Strength Chest Press,Chest,60.0,10,,,,""
2021-08-24,Hammer Strength Row,Back,100.0,10,,,,""
2021-08-24,Hammer Strength Row,Back,100.0,10,,,,""
2021-08-24,Hammer Strength Row,Back,100.0,10,,,,""
2021-08-24,Hammer Strength Row,Back,100.0,10,,,,""
2021-08-24,Hammer Strength Row,Back,120.0,10,,,,""
2021-08-24,Hammer Strength Row,Back,100.0,10,,,,""
2021-08-24,Barbell Curl,Biceps,17.5,50,,,,""
2021-08-24,Hammer Strength Row,Back,100.0,10,,,,""
2021-08-24,Hammer Strength Row,Back,100.0,10,,,,""
2021-08-24,Hammer Strength Row,Back,100.0,10,,,,""
2021-08-24,Hammer Strength Row,Back,100.0,10,,,,""
2021-08-24,Barbell Curl,Biceps,15.0,20,,,,""
2021-08-24,Back Extension,Back,85.0,10,,,,""
2021-08-24,Back Extension,Back,85.0,10,,,,""
2021-08-24,Back Extension,Back,85.0,10,,,,""
2021-08-26,Hammer Strength Shoulder Press,Shoulders,100.0,10,,,,""
2021-08-26,Hammer Strength Shoulder Press,Shoulders,100.0,10,,,,""
2021-08-26,Hammer Strength Shoulder Press,Shoulders,100.0,10,,,,""
2021-08-26,Barbell Curl,Biceps,17.5,40,,,,""
2021-08-26,Hammer Strength Shoulder Press,Shoulders,100.0,10,,,,""
2021-08-26,Hammer Strength Chest Press,Chest,80.0,10,,,,""
2021-08-26,Hammer Strength Chest Press,Chest,60.0,10,,,,""
2021-08-26,Torso Rotation,Abs,130.0,10,,,,""
2021-08-26,Torso Rotation,Abs,130.0,10,,,,""
2021-08-26,Torso Rotation,Abs,130.0,10,,,,""
2021-08-26,Torso Rotation,Abs,130.0,10,,,,""
2021-08-26,Torso Rotation,Abs,130.0,10,,,,""
2021-08-26,Torso Rotation,Abs,130.0,10,,,,""
2021-08-26,Torso Rotation,Abs,130.0,10,,,,""
2021-08-26,Torso Rotation,Abs,130.0,10,,,,""
2021-08-26,Torso Rotation,Abs,130.0,10,,,,""
2021-08-26,Torso Rotation,Abs,130.0,10,,,,""
2021-08-26,Back Extension,Back,115.0,10,,,,""
2021-08-26,Back Extension,Back,115.0,10,,,,""
2021-08-26,Back Extension,Back,115.0,8,,,,""
2021-08-31,Hammer Strength Row,Back,120.0,10,,,,""
2021-08-31,Hammer Strength Row,Back,120.0,8,,,,""
2021-08-31,Hammer Strength Row,Back,100.0,10,,,,""
2021-08-31,Hammer Strength Row,Back,100.0,10,,,,""
2021-08-31,Hammer Strength Row,Back,80.0,10,,,,""
2021-08-31,Hammer Strength Row,Back,80.0,10,,,,""
2021-08-31,Hammer Strength Row,Back,80.0,10,,,,""
2021-08-31,Hammer Strength Row,Back,80.0,10,,,,""
2021-08-31,Hammer Strength Row,Back,80.0,10,,,,""
2021-08-31,Hammer Strength Row,Back,80.0,10,,,,""
2021-08-31,Hammer Strength Shoulder Press,Shoulders,80.0,10,,,,""
2021-08-31,Hammer Strength Shoulder Press,Shoulders,80.0,10,,,,""
2021-08-31,Hammer Strength Shoulder Press,Shoulders,80.0,10,,,,""
2021-08-31,Hammer Strength Shoulder Press,Shoulders,80.0,10,,,,""
2021-08-31,Hammer Strength Shoulder Press,Shoulders,60.0,10,,,,""
2021-08-31,Hammer Strength Shoulder Press,Shoulders,60.0,10,,,,""
2021-08-31,Hammer Strength Shoulder Press,Shoulders,60.0,10,,,,""
2021-08-31,Hammer Strength Chest Press,Chest,60.0,5,,,,""
2021-08-31,Seated Leg Press,Legs,100.0,10,,,,""
2021-08-31,Seated Leg Press,Legs,100.0,10,,,,"Wwhttps://media.tenor.com/images/02d6514c550f6b5ab07391d619944220/tenor.gif https://media.tenor.com/images/02d6514c550f6b5ab07391d619944220/tenor.gif https://media.tenor.com/images/02d6514c550f6b5ab07391d619944220/tenor.gif https://media.tenor.com/images/02d6514c550f6b5ab07391d619944220/tenor.gif https://media.tenor.com/images/02d6514c550f6b5ab07391d619944220/tenor.gif https://media.tenor.com/images/02d6514c550f6b5ab07391d619944220/tenor.gif https://media.tenor.com/images/02d6514c550f6b5ab07391d619944220/tenor.gif"
2021-08-31,Seated Leg Press,Legs,100.0,10,,,,""
2021-08-31,Seated Leg Press,Legs,100.0,10,,,,""
2021-08-31,Seated Leg Press,Legs,100.0,10,,,,""
2021-08-31,Seated Leg Press,Legs,100.0,10,,,,""
2021-08-31,Hammer Strength Abdominal Crunch,Abs,50.0,10,,,,""
2021-08-31,Hammer Strength Abdominal Crunch,Abs,50.0,10,,,,""
2021-08-31,Hammer Strength Abdominal Crunch,Abs,60.0,10,,,,""
2021-08-31,Stairs,Cardio,,,60.0,m,0:05:00,""
2021-09-07,Hammer Strength Row,Back,100.0,10,,,,""
2021-09-07,Hammer Strength Row,Back,120.0,10,,,,""
2021-09-07,Hammer Strength Row,Back,120.0,10,,,,""
2021-09-07,Hammer Strength Row,Back,100.0,10,,,,""
2021-09-07,Hammer Strength Row,Back,100.0,10,,,,""
2021-09-07,Hammer Strength Chest Press,Chest,80.0,10,,,,""
2021-09-07,Hammer Strength Chest Press,Chest,80.0,10,,,,""
2021-09-07,Hammer Strength Chest Press,Chest,80.0,10,,,,""
2021-09-07,Hammer Strength Chest Press,Chest,80.0,10,,,,""
2021-09-07,Hammer Strength Chest Press,Chest,80.0,10,,,,""
2021-09-07,Barbell Curl,Biceps,17.5,40,,,,""
2021-09-07,Back Extension,Back,140.0,10,,,,""
2021-09-07,Back Extension,Back,155.0,10,,,,""
2021-09-07,Back Extension,Back,110.0,10,,,,""
2021-09-07,Hammer Strength Row,Back,140.0,10,,,,""
2021-09-07,Hammer Strength Row,Back,140.0,10,,,,""
2021-09-07,Hammer Strength Row,Back,100.0,10,,,,""
2021-09-07,Hammer Strength Row,Back,100.0,10,,,,""
2021-09-07,Hammer Strength Row,Back,120.0,7,,,,""
2021-09-07,Seated Leg Press,Legs,130.0,10,,,,""
2021-09-07,Seated Leg Press,Legs,130.0,10,,,,""
2021-09-07,Seated Leg Press,Legs,130.0,10,,,,""
2021-09-07,Seated Leg Press,Legs,130.0,10,,,,""
2021-09-07,Stairs,Cardio,,,60.0,m,0:02:00,""
2021-09-08,Hammer Strength Shoulder Press,Shoulders,100.0,10,,,,""
2021-09-08,Hammer Strength Shoulder Press,Shoulders,120.0,10,,,,""
2021-09-08,Hammer Strength Shoulder Press,Shoulders,120.0,10,,,,""
2021-09-08,Hammer Strength Shoulder Press,Shoulders,120.0,10,,,,""
2021-09-08,Back Extension,Back,130.0,10,,,,""
2021-09-08,Back Extension,Back,160.0,10,,,,""
2021-09-08,Back Extension,Back,130.0,7,,,,""
2021-09-08,Hammer Strength Row,Back,160.0,10,,,,""
2021-09-08,Hammer Strength Row,Back,140.0,10,,,,""
2021-09-08,Hammer Strength Row,Back,120.0,10,,,,""
2021-09-08,Hammer Strength Row,Back,100.0,10,,,,""
2021-09-08,Hammer Strength Row,Back,80.0,10,,,,""
2021-09-08,Hammer Strength Row,Back,80.0,10,,,,""
2021-09-08,Hammer Strength Row,Back,80.0,10,,,,""
2021-09-08,Hammer Strength Row,Back,80.0,10,,,,""
2021-09-08,Hammer Strength Row,Back,80.0,10,,,,""
2021-09-08,Hammer Strength Shoulder Press,Shoulders,100.0,10,,,,""
2021-09-08,Hammer Strength Shoulder Press,Shoulders,100.0,10,,,,""
2021-09-08,Barbell Curl,Biceps,17.5,30,,,,""
2021-09-08,Seated Calf Extension,Legs,145.0,10,,,,""
2021-09-08,Seated Calf Extension,Legs,145.0,10,,,,""
2021-09-08,Seated Calf Extension,Legs,145.0,10,,,,""
2021-09-08,Seated Leg Curl Machine,Legs,115.0,10,,,,""
2021-09-08,Seated Leg Curl Machine,Legs,115.0,10,,,,""
2021-09-08,Hammer Strength Chest Press,Chest,60.0,10,,,,""
2021-09-08,Hammer Strength Chest Press,Chest,80.0,10,,,,""
2021-09-13,Hammer Strength Row,Back,140.0,10,,,,""
2021-09-13,Hammer Strength Row,Back,120.0,10,,,,""
2021-09-13,Hammer Strength Row,Back,100.0,10,,,,""
2021-09-13,Barbell Curl,Biceps,17.5,30,,,,""
2021-09-13,Seated Leg Press,Legs,145.0,10,,,,""
2021-09-13,Seated Leg Press,Legs,145.0,10,,,,""
2021-09-13,Seated Leg Press,Legs,145.0,10,,,,""
2021-09-13,Hammer Strength Shoulder Press,Shoulders,120.0,10,,,,""
2021-09-13,Hammer Strength Shoulder Press,Shoulders,140.0,10,,,,""
2021-09-13,Hammer Strength Shoulder Press,Shoulders,100.0,10,,,,""
2021-09-13,Hammer Strength Shoulder Press,Shoulders,100.0,10,,,,""
2021-09-13,Hammer Strength Chest Press,Chest,80.0,10,,,,""
2021-09-13,Barbell Curl,Biceps,17.5,30,,,,""
2021-09-13,Seated Leg Press,Legs,145.0,10,,,,""
2021-09-13,Hammer Strength Row,Back,120.0,10,,,,""
2021-09-13,Hammer Strength Row,Back,100.0,10,,,,""
2021-09-13,Hammer Strength Shoulder Press,Shoulders,100.0,10,,,,""
2021-09-13,Hammer Strength Shoulder Press,Shoulders,100.0,10,,,,""
2021-09-13,Barbell Curl,Biceps,17.5,30,,,,""
2021-09-13,Torso Rotation,Abs,115.0,10,,,,""
2021-09-13,Torso Rotation,Abs,115.0,10,,,,""
2021-09-13,Torso Rotation,Abs,115.0,10,,,,""
2021-09-13,Torso Rotation,Abs,145.0,10,,,,""
2021-09-13,Torso Rotation,Abs,145.0,10,,,,""
2021-09-13,Back Extension,Back,100.0,10,,,,""
2021-09-22,Hammer Strength Chest Press,Chest,100.0,10,,,,""
2021-09-22,Hammer Strength Chest Press,Chest,120.0,10,,,,""
2021-09-22,Hammer Strength Chest Press,Chest,100.0,10,,,,""
2021-09-22,Hammer Strength Row,Back,180.0,5,,,,""
2021-09-22,Hammer Strength Row,Back,180.0,5,,,,""
2021-09-22,Hammer Strength Row,Back,140.0,10,,,,""
2021-09-22,Hammer Strength Row,Back,120.0,10,,,,""
2021-09-22,Hammer Strength Row,Back,100.0,10,,,,""
2021-09-22,Hammer Strength Shoulder Press,Shoulders,160.0,10,,,,""
2021-09-22,Hammer Strength Shoulder Press,Shoulders,120.0,10,,,,""
2021-09-22,Hammer Strength Shoulder Press,Shoulders,120.0,10,,,,""
2021-09-22,Incline Hammer Strength Chest Press,Chest,70.0,8,,,,""
2021-09-22,Torso Rotation,Abs,145.0,10,,,,""
2021-09-22,Torso Rotation,Abs,145.0,10,,,,""
2021-09-22,Torso Rotation,Abs,160.0,10,,,,""
2021-09-22,Torso Rotation,Abs,160.0,10,,,,""
2021-09-22,Torso Rotation,Abs,160.0,10,,,,""
2021-09-22,Torso Rotation,Abs,160.0,10,,,,""
2021-09-22,Back Extension,Back,100.0,10,,,,""
2021-09-22,Back Extension,Back,100.0,10,,,,""
2021-09-22,Back Extension,Back,130.0,10,,,,""
2021-10-04,Hammer Strength Chest Press,Chest,100.0,10,,,,""
2021-10-04,Hammer Strength Chest Press,Chest,80.0,10,,,,""
2021-10-04,Hammer Strength Chest Press,Chest,60.0,10,,,,""
2021-10-04,Hammer Strength Chest Press,Chest,40.0,10,,,,""
2021-10-04,Hammer Strength Chest Press,Chest,40.0,10,,,,""
2021-10-04,Hammer Strength Shoulder Press,Shoulders,120.0,10,,,,""
2021-10-04,Hammer Strength Shoulder Press,Shoulders,100.0,8,,,,""
2021-10-04,Hammer Strength Shoulder Press,Shoulders,80.0,10,,,,""
2021-10-04,Hammer Strength Shoulder Press,Shoulders,60.0,10,,,,""
2021-10-04,Hammer Strength Row,Back,100.0,10,,,,""
2021-10-04,Hammer Strength Row,Back,100.0,10,,,,""
2021-10-04,Hammer Strength Row,Back,80.0,10,,,,""
2021-10-04,Hammer Strength Row,Back,80.0,10,,,,""
2021-10-04,Hammer Strength Row,Back,80.0,10,,,,""
2021-10-04,Hammer Strength Row,Back,80.0,10,,,,""
2021-10-04,Hammer Strength Row,Back,100.0,10,,,,""
2021-10-04,Hammer Strength Row,Back,100.0,10,,,,""
2021-10-04,Barbell Curl,Biceps,17.5,40,,,,""
2021-10-04,Seated Leg Press,Legs,160.0,10,,,,""
2021-10-04,Seated Leg Press,Legs,145.0,10,,,,""
2021-10-04,Seated Leg Press,Legs,130.0,10,,,,""
2021-10-05,Hammer Strength Chest Press,Chest,80.0,10,,,,""
2021-10-05,Hammer Strength Chest Press,Chest,80.0,10,,,,""
2021-10-05,Hammer Strength Chest Press,Chest,80.0,10,,,,""
2021-10-05,Hammer Strength Chest Press,Chest,80.0,10,,,,""
2021-10-05,Barbell Curl,Biceps,17.5,50,,,,""
2021-10-05,Hammer Strength Abdominal Crunch,Abs,90.0,10,,,,""
2021-10-05,Hammer Strength Abdominal Crunch,Abs,90.0,10,,,,""
2021-10-05,Hammer Strength Abdominal Crunch,Abs,90.0,10,,,,""
2021-10-05,Lat Pulldown,Back,100.0,10,,,,""
2021-10-05,Seated Leg Press,Legs,145.0,10,,,,""
2021-10-05,Seated Leg Press,Legs,145.0,10,,,,""
2021-10-05,Seated Leg Press,Legs,145.0,10,,,,""
2021-10-05,Hammer Strength Row,Back,140.0,10,,,,""
2021-10-05,Hammer Strength Row,Back,120.0,10,,,,""
2021-10-05,Hammer Strength Row,Back,120.0,10,,,,""
2021-10-05,Hammer Strength Row,Back,100.0,10,,,,""
2021-10-05,Torso Rotation,Abs,145.0,10,,,,""
2021-10-05,Torso Rotation,Abs,145.0,10,,,,""
2021-10-05,Torso Rotation,Abs,145.0,10,,,,""
2021-10-05,Torso Rotation,Abs,145.0,10,,,,""
2021-10-14,Barbell Curl,Biceps,20.0,50,,,,""
2021-10-14,Hammer Strength Chest Press,Chest,100.0,10,,,,""
2021-10-14,Hammer Strength Chest Press,Chest,100.0,10,,,,""
2021-10-14,Hammer Strength Chest Press,Chest,80.0,10,,,,""
2021-10-14,Hammer Strength Chest Press,Chest,80.0,10,,,,""
2021-10-14,Hammer Strength Shoulder Press,Shoulders,100.0,10,,,,""
2021-10-14,Hammer Strength Shoulder Press,Shoulders,100.0,10,,,,""
2021-10-14,Hammer Strength Shoulder Press,Shoulders,100.0,10,,,,""
2021-10-14,Hammer Strength Shoulder Press,Shoulders,100.0,10,,,,""
2021-10-14,Back Extension,Back,100.0,10,,,,""
2021-10-14,Back Extension,Back,100.0,10,,,,""
2021-10-14,Back Extension,Back,100.0,10,,,,""
2021-10-14,Hammer Strength Row,Back,140.0,10,,,,""
2021-10-14,Hammer Strength Row,Back,140.0,10,,,,""
2021-10-14,Hammer Strength Row,Back,120.0,10,,,,""
2021-10-14,Hammer Strength Row,Back,120.0,10,,,,""
2021-10-14,Hammer Strength Row,Back,100.0,10,,,,""
2021-10-14,Hammer Strength Row,Back,100.0,10,,,,""
2021-10-14,Hammer Strength Abdominal Crunch,Abs,115.0,10,,,,""
2021-10-14,Hammer Strength Abdominal Crunch,Abs,130.0,10,,,,""
2021-10-14,Hammer Strength Abdominal Crunch,Abs,130.0,10,,,,""
2021-10-14,Barbell Curl,Biceps,20.0,30,,,,""
2021-10-18,Hammer Strength Chest Press,Chest,140.0,10,,,,""
2021-10-18,Hammer Strength Chest Press,Chest,120.0,10,,,,""
2021-10-18,Hammer Strength Chest Press,Chest,120.0,10,,,,""
2021-10-18,Hammer Strength Chest Press,Chest,100.0,10,,,,""
2021-10-18,Hammer Strength Chest Press,Chest,100.0,10,,,,""
2021-10-18,Barbell Curl,Biceps,20.0,40,,,,""
2021-10-19,Hammer Strength Chest Press,Chest,120.0,10,,,,""
2021-10-19,Hammer Strength Chest Press,Chest,120.0,10,,,,""
2021-10-19,Hammer Strength Chest Press,Chest,120.0,10,,,,""
2021-10-19,Hammer Strength Chest Press,Chest,100.0,10,,,,""
2021-10-19,Hammer Strength Shoulder Press,Shoulders,100.0,10,,,,""
2021-10-19,Hammer Strength Shoulder Press,Shoulders,100.0,10,,,,""
2021-10-19,Barbell Curl,Biceps,17.5,40,,,,""
2021-10-19,Leg Extension Machine,Legs,110.0,10,,,,""
2021-10-19,Leg Extension Machine,Legs,110.0,10,,,,""
2021-10-19,Leg Extension Machine,Legs,110.0,10,,,,""
2021-10-19,Torso Rotation,Abs,130.0,10,,,,""
2021-10-19,Torso Rotation,Abs,130.0,10,,,,""
2021-10-19,Torso Rotation,Abs,130.0,10,,,,""
2021-10-19,Torso Rotation,Abs,130.0,10,,,,""
2021-10-19,Torso Rotation,Abs,130.0,10,,,,""
2021-10-19,Torso Rotation,Abs,130.0,10,,,,""
2021-10-19,Hammer Strength Row,Back,140.0,10,,,,""
2021-10-19,Hammer Strength Row,Back,140.0,10,,,,""
2021-10-19,Hammer Strength Row,Back,140.0,10,,,,""
2021-10-19,Hammer Strength Row,Back,140.0,10,,,,""
2021-10-20,Seated Leg Press,Legs,160.0,10,,,,""
2021-10-20,Seated Leg Press,Legs,160.0,10,,,,""
2021-10-20,Seated Leg Press,Legs,175.0,10,,,,""
2021-10-20,Seated Leg Press,Legs,175.0,10,,,,""
2021-10-20,Hip Abduction Inner,Legs,130.0,20,,,,""
2021-10-20,Hip Abduction Inner,Legs,130.0,20,,,,""
2021-10-20,Barbell Curl,Biceps,17.5,40,,,,""
2021-10-20,Hip Abduction Outer,Legs,175.0,20,,,,""
2021-10-20,Hip Abduction Outer,Legs,175.0,20,,,,""
2021-10-20,Seated Calf Extension,Legs,155.0,10,,,,""
2021-10-20,Seated Calf Extension,Legs,170.0,10,,,,""
2021-10-20,Seated Calf Extension,Legs,190.0,10,,,,""
2021-10-20,Barbell Curl,Biceps,17.5,30,,,,""
2021-10-20,Seated Leg Press,Legs,175.0,10,,,,""
2021-10-21,Hammer Strength Chest Press,Chest,140.0,10,,,,""
2021-10-21,Hammer Strength Chest Press,Chest,120.0,10,,,,""
2021-10-21,Hammer Strength Chest Press,Chest,120.0,10,,,,""
2021-10-21,Hammer Strength Chest Press,Chest,100.0,10,,,,""
2021-10-21,Hammer Strength Chest Press,Chest,100.0,10,,,,""
2021-10-21,Barbell Curl,Biceps,20.0,40,,,,""
2021-10-21,Seated Cable Row,Back,70.0,10,,,,""
2021-10-21,Seated Cable Row,Back,60.0,10,,,,""
2021-10-21,Pectoral Fly,Chest,115.0,10,,,,""
2021-10-21,Pectoral Fly,Chest,115.0,10,,,,""
2021-10-21,Hammer Strength Chest Press,Chest,100.0,10,,,,""
2021-10-25,Hammer Strength Chest Press,Chest,120.0,10,,,,""
2021-10-25,Hammer Strength Chest Press,Chest,120.0,10,,,,""
2021-10-25,Hammer Strength Chest Press,Chest,100.0,10,,,,""
2021-10-25,Hammer Strength Chest Press,Chest,80.0,10,,,,""
2021-10-25,Hammer Strength Shoulder Press,Shoulders,120.0,7,,,,""
2021-10-25,Hammer Strength Shoulder Press,Shoulders,100.0,10,,,,""
2021-10-25,Barbell Curl,Biceps,25.0,24,,,,""
2021-10-25,Torso Rotation,Abs,160.0,10,,,,""
2021-10-25,Torso Rotation,Abs,160.0,10,,,,""
2021-10-25,Torso Rotation,Abs,170.0,10,,,,""
2021-10-25,Torso Rotation,Abs,170.0,10,,,,""
2021-11-21,Hammer Strength Row,Back,120.0,10,,,,""
2021-11-21,Hammer Strength Row,Back,120.0,10,,,,""
2021-11-21,Hammer Strength Row,Back,120.0,10,,,,""
2021-11-21,Hammer Strength Row,Back,120.0,10,,,,""
2021-11-21,Hammer Strength Row,Back,120.0,10,,,,""
2021-11-21,Hammer Strength Row,Back,120.0,10,,,,""
2021-11-21,Hammer Strength Row,Back,120.0,10,,,,""
2021-11-21,Hammer Strength Row,Back,120.0,10,,,,""
2021-11-21,Hammer Strength Row,Back,120.0,10,,,,""
2021-11-21,Hammer Strength Shoulder Press,Shoulders,100.0,10,,,,""
2021-11-21,Hammer Strength Shoulder Press,Shoulders,100.0,10,,,,""
2021-11-21,Hammer Strength Shoulder Press,Shoulders,100.0,10,,,,""
2021-11-21,Hammer Strength Shoulder Press,Shoulders,120.0,10,,,,""
2021-11-21,Hammer Strength Chest Press,Chest,100.0,10,,,,""
2021-11-21,Hammer Strength Chest Press,Chest,100.0,10,,,,""
2021-11-22,Barbell Curl,Biceps,20.0,40,,,,""
2021-11-22,Torso Rotation,Abs,170.0,20,,,,""
2021-11-22,Torso Rotation,Abs,170.0,20,,,,""
2021-11-22,Torso Rotation,Abs,170.0,10,,,,""
2021-11-22,Torso Rotation,Abs,170.0,10,,,,""
2021-11-22,Row,Back,115.0,10,,,,""
2021-11-22,Row,Back,115.0,10,,,,""
2021-11-22,Barbell Curl,Biceps,17.5,40,,,,""
2021-11-22,Seated Leg Press,Legs,220.0,10,,,,""
2021-11-22,Seated Leg Press,Legs,220.0,10,,,,""
2021-11-22,Seated Leg Press,Legs,250.0,10,,,,""
2021-11-22,Seated Leg Press,Legs,250.0,10,,,,""
2021-11-22,Barbell Curl,Biceps,17.5,20,,,,""
2021-11-22,Barbell Curl,Biceps,17.5,20,,,,""
2021-11-23,Hammer Strength Shoulder Press,Shoulders,180.0,10,,,,""
2021-11-23,Hammer Strength Shoulder Press,Shoulders,160.0,10,,,,""
2021-11-23,Hammer Strength Shoulder Press,Shoulders,140.0,8,,,,""
2021-11-23,Hammer Strength Shoulder Press,Shoulders,120.0,10,,,,""
2021-11-23,Hammer Strength Shoulder Press,Shoulders,100.0,8,,,,""
2021-11-23,Seated Leg Curl Machine,Legs,115.0,10,,,,""
2021-11-23,Seated Leg Curl Machine,Legs,115.0,10,,,,""
2021-11-23,Seated Leg Curl Machine,Legs,115.0,10,,,,""
2021-11-23,Leg Extension Machine,Legs,130.0,10,,,,""
2021-11-23,Leg Extension Machine,Legs,130.0,10,,,,""
2021-11-23,Hammer Strength Chest Press,Chest,100.0,10,,,,""
2021-11-23,Hammer Strength Chest Press,Chest,100.0,10,,,,""
2021-11-23,Back Extension,Back,155.0,10,,,,""
2021-11-23,Back Extension,Back,175.0,10,,,,""
2021-11-29,Hammer Strength Row,Back,160.0,10,,,,""
2021-11-29,Hammer Strength Row,Back,140.0,10,,,,""
2021-11-29,Hammer Strength Row,Back,120.0,10,,,,""
2021-11-29,Hammer Strength Row,Back,120.0,10,,,,""
2021-11-29,Hammer Strength Row,Back,100.0,10,,,,""
2021-11-29,Hammer Strength Shoulder Press,Shoulders,140.0,10,,,,""
2021-11-29,Hammer Strength Shoulder Press,Shoulders,120.0,10,,,,""
2021-11-29,Hammer Strength Shoulder Press,Shoulders,120.0,10,,,,""
2021-11-29,Hammer Strength Shoulder Press,Shoulders,120.0,10,,,,""
2021-11-29,Hammer Strength Shoulder Press,Shoulders,120.0,10,,,,""
2021-11-29,Barbell Curl,Biceps,20.0,30,,,,""
2021-11-29,Barbell Curl,Biceps,20.0,12,,,,""
2021-11-29,Lat Pulldown,Back,120.0,10,,,,""
2021-11-29,Lat Pulldown,Back,140.0,10,,,,""
2021-11-30,Seated Leg Press,Legs,230.0,10,,,,""
2021-11-30,Seated Leg Press,Legs,260.0,10,,,,""
2021-11-30,Seated Leg Press,Legs,200.0,10,,,,""
2021-11-30,Barbell Curl,Biceps,25.0,20,,,,""
2021-11-30,Lat Pulldown,Back,180.0,10,,,,""
2021-11-30,Lat Pulldown,Back,140.0,10,,,,""
2021-11-30,Lat Pulldown,Back,100.0,10,,,,""
2021-11-30,Barbell Curl,Biceps,25.0,20,,,,""
2021-11-30,Seated Leg Press,Legs,200.0,10,,,,""
2022-02-15,Hammer Strength Row,Back,120.0,10,,,,""
2022-02-15,Hammer Strength Row,Back,120.0,10,,,,""
2022-02-15,Hammer Strength Row,Back,120.0,10,,,,""
2022-02-15,Hammer Strength Row,Back,120.0,10,,,,""
2022-02-15,Seated Leg Press,Legs,175.0,10,,,,""
2022-02-15,Seated Leg Press,Legs,175.0,10,,,,""
2022-02-15,Seated Leg Press,Legs,175.0,10,,,,""
2022-02-15,Hammer Strength Shoulder Press,Shoulders,120.0,10,,,,""
2022-02-15,Hammer Strength Shoulder Press,Shoulders,120.0,10,,,,""
2022-02-15,Hammer Strength Shoulder Press,Shoulders,120.0,10,,,,""
2022-02-15,Hammer Strength Row,Back,140.0,10,,,,""
2022-02-15,Hammer Strength Shoulder Press,Shoulders,100.0,10,,,,""
2022-02-15,Hammer Strength Shoulder Press,Shoulders,100.0,10,,,,""
2022-02-15,Hammer Strength Shoulder Press,Shoulders,100.0,10,,,,""
2022-02-27,Hammer Strength Row,Back,140.0,10,,,,""
2022-02-27,Hammer Strength Row,Back,140.0,10,,,,""
2022-02-27,Hammer Strength Row,Back,100.0,10,,,,""
2022-02-27,Hammer Strength Shoulder Press,Shoulders,120.0,10,,,,""
2022-02-27,Hammer Strength Shoulder Press,Shoulders,120.0,10,,,,""
2022-02-27,Hammer Strength Shoulder Press,Shoulders,120.0,10,,,,""
2022-02-27,Hammer Strength Row,Back,120.0,10,,,,""
2022-02-27,Hammer Strength Row,Back,120.0,10,,,,""
2022-02-27,Hammer Strength Row,Back,120.0,10,,,,""
2022-02-27,Hammer Strength Row,Back,120.0,10,,,,""
2022-02-27,Hammer Strength Shoulder Press,Shoulders,120.0,10,,,,""
2022-02-27,Hammer Strength Shoulder Press,Shoulders,120.0,10,,,,""
2022-03-16,Hammer Strength Row,Back,140.0,10,,,,""
2022-03-16,Hammer Strength Row,Back,120.0,10,,,,""
2022-03-16,Hammer Strength Row,Back,100.0,10,,,,""
2022-03-16,Hammer Strength Row,Back,100.0,10,,,,""
2022-03-16,Hammer Strength Shoulder Press,Shoulders,120.0,10,,,,""
2022-03-16,Hammer Strength Shoulder Press,Shoulders,120.0,10,,,,""
2022-03-16,Hammer Strength Shoulder Press,Shoulders,120.0,10,,,,""
2022-03-16,Hammer Strength Shoulder Press,Shoulders,100.0,10,,,,""
2022-03-16,Back Extension,Back,115.0,10,,,,""
2022-03-16,Back Extension,Back,115.0,10,,,,""
2022-03-16,Back Extension,Back,115.0,10,,,,""
2022-03-16,Back Extension,Back,115.0,10,,,,""
2022-03-16,Hammer Strength Row,Back,100.0,10,,,,""
2022-03-16,Hammer Strength Row,Back,100.0,10,,,,""
2022-03-16,Hammer Strength Shoulder Press,Shoulders,100.0,10,,,,""
2022-03-16,Hammer Strength Shoulder Press,Shoulders,100.0,10,,,,""
2022-03-16,Hammer Strength Shoulder Press,Shoulders,100.0,10,,,,""
2022-04-05,Hammer Strength Row,Back,120.0,10,,,,""
2022-04-05,Hammer Strength Row,Back,120.0,10,,,,""
2022-04-05,Hammer Strength Row,Back,100.0,10,,,,""
2022-04-05,Hammer Strength Row,Back,100.0,10,,,,""
2022-04-05,Hammer Strength Chest Press,Chest,100.0,10,,,,""
2022-04-05,Hammer Strength Chest Press,Chest,100.0,10,,,,""
2022-04-05,Hammer Strength Shoulder Press,Shoulders,120.0,10,,,,""
2022-04-05,Hammer Strength Shoulder Press,Shoulders,120.0,10,,,,""
2022-04-06,Hammer Strength Shoulder Press,Shoulders,140.0,10,,,,""
2022-04-06,Hammer Strength Shoulder Press,Shoulders,140.0,10,,,,""
2022-04-06,Lat Pulldown,Back,120.0,10,,,,""
2022-04-06,Incline Barbell Bench Press,Chest,75.0,10,,,,""
2022-04-06,Incline Barbell Bench Press,Chest,75.0,10,,,,""
2022-04-06,Lat Pulldown,Back,120.0,10,,,,""
2022-04-06,Lat Pulldown,Back,120.0,10,,,,""
2022-04-06,Lat Pulldown,Back,120.0,10,,,,""
2022-04-06,Lat Pulldown,Back,120.0,10,,,,""
2022-04-06,Dumbbell Curl,Biceps,20.0,10,,,,""
2022-04-06,Dumbbell Curl,Biceps,20.0,10,,,,""
2022-04-06,Seated Leg Press,Legs,185.0,10,,,,""
2022-04-06,Seated Leg Press,Legs,185.0,10,,,,""
2022-04-06,Seated Leg Press,Legs,185.0,10,,,,""
2022-04-06,Seated Leg Press,Legs,185.0,10,,,,""
2022-04-06,Hammer Strength Shoulder Press,Shoulders,140.0,10,,,,""
2022-04-06,Hammer Strength Shoulder Press,Shoulders,140.0,10,,,,""
2022-04-07,Seated Leg Press,Legs,175.0,10,,,,""
2022-04-07,Seated Leg Press,Legs,175.0,10,,,,""
2022-04-07,Seated Leg Press,Legs,175.0,10,,,,""
2022-04-07,Seated Leg Press,Legs,175.0,10,,,,""
2022-04-07,Seated Leg Press,Legs,175.0,10,,,,""
2022-04-07,Seated Leg Curl Machine,Legs,130.0,10,,,,""
2022-04-07,Seated Leg Curl Machine,Legs,130.0,10,,,,""
2022-04-07,Push-Ups,Chest,200.0,20,,,,""
2022-04-07,Push-Ups,Chest,200.0,10,,,,""
2022-04-07,Push-Ups,Chest,200.0,10,,,,""
2022-04-07,Push-Ups,Chest,200.0,10,,,,""
2022-04-07,Crunch,Abs,80.0,10,,,,""
2022-04-07,Crunch,Abs,80.0,10,,,,""
2022-04-07,Crunch,Abs,80.0,10,,,,""
2022-04-07,Hammer Strength Shoulder Press,Shoulders,140.0,10,,,,""
2022-04-07,Hammer Strength Shoulder Press,Shoulders,140.0,10,,,,""
2022-04-07,Hammer Strength Shoulder Press,Shoulders,140.0,10,,,,""
2022-04-07,Push-Ups,Chest,200.0,10,,,,""
2022-04-07,Seated Leg Press,Legs,175.0,10,,,,""
2022-04-07,Seated Leg Press,Legs,175.0,10,,,,""
2022-04-07,Hammer Strength Row,Back,120.0,10,,,,""
2022-04-07,Hammer Strength Row,Back,120.0,10,,,,""
2022-04-07,Hammer Strength Row,Back,120.0,10,,,,""
2022-05-25,Hammer Strength Row,Back,140.0,10,,,,""
2022-05-25,Hammer Strength Row,Back,140.0,10,,,,""
2022-05-25,Hammer Strength Row,Back,120.0,10,,,,""
2022-05-25,Hammer Strength Row,Back,120.0,10,,,,""
2022-05-25,Hammer Strength Shoulder Press,Shoulders,100.0,10,,,,""
2022-05-25,Hammer Strength Shoulder Press,Shoulders,100.0,10,,,,""
2022-05-25,Hammer Strength Shoulder Press,Shoulders,100.0,10,,,,""
2022-05-25,Back Extension,Back,100.0,10,,,,""
2022-05-25,Back Extension,Back,130.0,10,,,,""
2022-05-25,Hammer Strength Shoulder Press,Shoulders,120.0,10,,,,""
2022-05-25,Seated Leg Press,Legs,175.0,10,,,,""
2022-05-25,Hammer Strength Shoulder Press,Shoulders,120.0,10,,,,""
2022-05-25,Hammer Strength Shoulder Press,Shoulders,120.0,10,,,,""
2022-05-25,Hammer Strength Shoulder Press,Shoulders,120.0,10,,,,""
2022-05-25,Hammer Strength Shoulder Press,Shoulders,120.0,10,,,,""
2022-05-25,Hammer Strength Shoulder Press,Shoulders,120.0,10,,,,""
2022-05-25,Hammer Strength Shoulder Press,Shoulders,100.0,10,,,,""
2022-07-09,Seated Leg Press,Legs,175.0,20,,,,""
2022-07-09,Seated Leg Press,Legs,175.0,20,,,,""
2022-07-09,Seated Leg Press,Legs,175.0,20,,,,""
2022-07-09,Back Extension,Back,100.0,20,,,,""
2022-07-09,Back Extension,Back,100.0,15,,,,""
2022-07-09,Seated Leg Press,Legs,175.0,20,,,,""
2022-07-09,Seated Leg Press,Legs,175.0,20,,,,""
2022-07-09,Seated Leg Press,Legs,175.0,20,,,,""
2022-07-09,Seated Calf Extension,Legs,100.0,30,,,,""
2022-07-09,Seated Calf Extension,Legs,100.0,30,,,,""
2022-07-09,Seated Leg Curl Machine,Legs,130.0,10,,,,""
2022-07-09,Seated Leg Curl Machine,Legs,130.0,10,,,,""
2022-07-09,Seated Leg Press,Legs,175.0,20,,,,""
2022-07-09,Seated Leg Press,Legs,175.0,20,,,,""
2022-07-09,Seated Leg Press,Legs,175.0,10,,,,""
2022-07-10,Hammer Strength Row,Back,160.0,10,,,,""
2022-07-10,Hammer Strength Row,Back,140.0,10,,,,""
2022-07-10,Hammer Strength Row,Back,120.0,10,,,,""
2022-07-10,Hammer Strength Row,Back,100.0,10,,,,""
2022-07-10,Hammer Strength Row,Back,100.0,10,,,,""
2022-07-10,Hammer Strength Shoulder Press,Shoulders,120.0,10,,,,""
2022-07-10,Hammer Strength Shoulder Press,Shoulders,140.0,10,,,,""
2022-07-10,Hammer Strength Shoulder Press,Shoulders,140.0,10,,,,""
2022-07-10,Hammer Strength Shoulder Press,Shoulders,120.0,10,,,,""
2022-07-10,Hammer Strength Shoulder Press,Shoulders,120.0,10,,,,""
2022-07-10,Back Extension,Back,100.0,10,,,,""
2022-07-10,Back Extension,Back,100.0,10,,,,""
2022-07-10,Hammer Strength Row,Back,120.0,10,,,,""
2022-07-10,Hammer Strength Row,Back,140.0,10,,,,""
2022-07-10,Hammer Strength Row,Back,100.0,10,,,,""
2022-07-10,Crunch Machine,Abs,130.0,10,,,,""
2022-07-10,Crunch Machine,Abs,130.0,10,,,,""
2022-07-12,Seated Leg Press,Legs,205.0,20,,,,""
2022-07-12,Seated Leg Press,Legs,205.0,20,,,,""
2022-07-12,Seated Leg Press,Legs,190.0,20,,,,""
2022-07-12,Seated Leg Press,Legs,190.0,20,,,,""
2022-07-12,Seated Leg Press,Legs,175.0,20,,,,""
2022-07-12,Back Extension,Back,145.0,10,,,,""
2022-07-12,Back Extension,Back,160.0,10,,,,""
2022-07-12,Back Extension,Back,190.0,10,,,,""
2022-07-12,Back Extension,Back,115.0,10,,,,""
2022-07-12,Hammer Strength Abdominal Crunch,Abs,100.0,10,,,,""
2022-07-12,Hammer Strength Abdominal Crunch,Abs,100.0,10,,,,""
2022-07-12,Hammer Strength Abdominal Crunch,Abs,100.0,10,,,,""
2022-07-12,Seated Leg Press,Legs,175.0,20,,,,""
2022-07-12,Seated Leg Press,Legs,175.0,20,,,,""
2022-07-12,Seated Leg Press,Legs,175.0,20,,,,""
2022-07-12,Seated Leg Curl Machine,Legs,100.0,10,,,,""
2022-07-12,Seated Leg Curl Machine,Legs,100.0,10,,,,""
2022-07-12,Seated Leg Curl Machine,Legs,100.0,10,,,,""
2022-07-12,Seated Calf Extension,Legs,100.0,10,,,,""
2022-07-12,Seated Calf Extension,Legs,100.0,10,,,,""
2022-07-12,Seated Calf Extension,Legs,100.0,10,,,,""
2022-07-12,Seated Calf Extension,Legs,100.0,10,,,,""
2022-07-13,Hammer Strength Shoulder Press,Shoulders,160.0,10,,,,""
2022-07-13,Hammer Strength Shoulder Press,Shoulders,140.0,10,,,,""
2022-07-13,Hammer Strength Shoulder Press,Shoulders,120.0,10,,,,""
2022-07-13,Hammer Strength Row,Back,160.0,10,,,,""
2022-07-13,Hammer Strength Row,Back,140.0,10,,,,""
2022-07-13,Hammer Strength Row,Back,120.0,10,,,,""
2022-07-13,Lat Pulldown,Back,120.0,8,,,,""
2022-07-13,Lat Pulldown,Back,100.0,4,,,,""
2022-07-13,Hammer Strength Shoulder Press,Shoulders,100.0,10,,,,""
2022-07-13,Hammer Strength Shoulder Press,Shoulders,100.0,10,,,,""
2022-07-13,Hammer Strength Chest Press,Chest,100.0,10,,,,""
2022-07-13,Hammer Strength Chest Press,Chest,100.0,10,,,,""
2022-07-13,Hammer Strength Shoulder Press,Shoulders,120.0,10,,,,""
2022-07-13,Hammer Strength Row,Back,100.0,10,,,,""
2022-07-13,Hammer Strength Row,Back,100.0,10,,,,""
2022-07-13,Hammer Strength Row,Back,100.0,10,,,,""
2022-07-15,Seated Leg Press,Legs,230.0,20,,,,""
2022-07-15,Seated Leg Press,Legs,230.0,20,,,,""
2022-07-15,Seated Leg Press,Legs,230.0,20,,,,""
2022-07-15,Seated Leg Press,Legs,260.0,20,,,,""
2022-07-15,Seated Leg Press,Legs,290.0,20,,,,""
2022-07-15,Seated Leg Press,Legs,300.0,20,,,,""
2022-07-15,Seated Leg Press,Legs,300.0,20,,,,""
2022-07-15,Seated Calf Extension,Legs,160.0,10,,,,""
2022-07-15,Seated Calf Extension,Legs,160.0,20,,,,""
2022-07-15,Seated Calf Extension,Legs,200.0,20,,,,""
2022-07-15,Seated Calf Extension,Legs,150.0,20,,,,""
2022-07-15,Crunch Machine,Abs,110.0,10,,,,""
2022-07-15,Crunch Machine,Abs,110.0,10,,,,""
2022-07-15,Crunch Machine,Abs,150.0,10,,,,""
2022-07-19,Hammer Strength Shoulder Press,Shoulders,200.0,10,,,,""
2022-07-19,Hammer Strength Shoulder Press,Shoulders,160.0,10,,,,""
2022-07-19,Hammer Strength Shoulder Press,Shoulders,140.0,10,,,,""
2022-07-19,Hammer Strength Shoulder Press,Shoulders,140.0,10,,,,""
2022-07-19,Hammer Strength Shoulder Press,Shoulders,120.0,10,,,,""
2022-07-19,Hammer Strength Row,Back,140.0,10,,,,""
2022-07-19,Hammer Strength Row,Back,120.0,10,,,,""
2022-07-19,Hammer Strength Row,Back,120.0,10,,,,""
2022-07-19,Hammer Strength Row,Back,120.0,10,,,,""
2022-07-19,Hammer Strength Row,Back,120.0,10,,,,""
2022-07-19,Hammer Strength Chest Press,Chest,120.0,10,,,,""
2022-07-19,Hammer Strength Chest Press,Chest,120.0,10,,,,""
2022-09-22,Hammer Strength Row,Back,160.0,10,,,,""
2022-09-22,Hammer Strength Row,Back,140.0,10,,,,""
2022-09-22,Hammer Strength Row,Back,120.0,10,,,,""
2022-09-22,Hammer Strength Row,Back,120.0,10,,,,""
2022-09-22,Hammer Strength Row,Back,100.0,10,,,,""
2022-09-22,Hammer Strength Shoulder Press,Shoulders,120.0,10,,,,""
2022-09-22,Hammer Strength Shoulder Press,Shoulders,120.0,10,,,,""
2022-09-22,Hammer Strength Shoulder Press,Shoulders,120.0,10,,,,""
2022-09-22,Hammer Strength Shoulder Press,Shoulders,120.0,10,,,,""
2022-09-22,Hammer Strength Row,Back,140.0,10,,,,""
2022-10-10,Lat Pulldown,Back,160.0,10,,,,""
2022-10-10,Lat Pulldown,Back,140.0,10,,,,""
2022-10-10,Lat Pulldown,Back,120.0,10,,,,""
2022-10-10,Lat Pulldown,Back,100.0,10,,,,""
2022-10-10,Hammer Strength Shoulder Press,Shoulders,140.0,10,,,,""
2022-10-10,Hammer Strength Shoulder Press,Shoulders,140.0,10,,,,""
2022-10-10,Hammer Strength Shoulder Press,Shoulders,120.0,10,,,,""
2022-10-10,Hammer Strength Shoulder Press,Shoulders,100.0,10,,,,""
2022-10-18,Hammer Strength Row,Back,120.0,10,,,,""
2022-10-18,Hammer Strength Row,Back,140.0,10,,,,""
2022-10-18,Hammer Strength Row,Back,120.0,10,,,,""
2022-10-18,Hammer Strength Row,Back,120.0,10,,,,""
2022-10-18,Hammer Strength Row,Back,100.0,10,,,,""
2022-10-18,Hammer Strength Row,Back,100.0,10,,,,""
2022-10-18,Seated Leg Press,Legs,205.0,10,,,,""
2022-10-18,Seated Leg Press,Legs,205.0,10,,,,""
2022-10-18,Seated Leg Press,Legs,205.0,10,,,,""
2022-10-18,Seated Leg Press,Legs,205.0,10,,,,""
2022-10-18,Seated Leg Press,Legs,220.0,10,,,,""
2022-10-18,Seated Leg Press,Legs,220.0,10,,,,""
2022-10-18,Seated Leg Press,Legs,220.0,10,,,,""
2022-10-18,Hammer Strength Row,Back,120.0,10,,,,""
2022-10-18,Hammer Strength Row,Back,120.0,10,,,,""
2022-10-18,Seated Leg Press,Legs,220.0,10,,,,""
2022-10-18,Seated Leg Press,Legs,220.0,10,,,,""
2022-10-18,Seated Leg Press,Legs,220.0,10,,,,""
2022-10-20,Hammer Strength Chest Press,Chest,120.0,10,,,,""
2022-10-20,Hammer Strength Chest Press,Chest,100.0,10,,,,""
2022-10-20,Hammer Strength Chest Press,Chest,100.0,10,,,,""
2022-10-20,Hammer Strength Chest Press,Chest,100.0,10,,,,""
2022-10-20,Seated Leg Press,Legs,190.0,20,,,,""
2022-10-20,Back Extension,Back,130.0,10,,,,""
2022-10-20,Back Extension,Back,160.0,10,,,,""
2022-10-20,Barbell Curl,Biceps,20.0,20,,,,""
2022-10-20,Hammer Strength Chest Press,Chest,80.0,10,,,,""
2022-10-20,Hammer Strength Chest Press,Chest,80.0,10,,,,""
2022-10-20,Back Extension,Back,130.0,10,,,,""
2022-10-20,Hammer Strength Shoulder Press,Shoulders,140.0,10,,,,""
2022-10-20,Hammer Strength Shoulder Press,Shoulders,120.0,10,,,,""
2022-10-20,Hammer Strength Shoulder Press,Shoulders,100.0,5,,,,""
2023-01-03,Pectoral Fly,Chest,90.0,10,,,,""
2023-01-03,Pectoral Fly,Chest,90.0,10,,,,""
2023-01-03,Pectoral Fly,Chest,90.0,10,,,,""
2023-01-03,Seated Leg Press,Legs,205.0,10,,,,""
2023-01-03,Seated Leg Press,Legs,205.0,10,,,,""
2023-01-03,Seated Leg Press,Legs,205.0,10,,,,""
2023-01-03,Seated Leg Press,Legs,205.0,10,,,,""
2023-01-03,Seated Leg Press,Legs,205.0,10,,,,""
2023-01-03,Seated Leg Press,Legs,205.0,10,,,,""
2023-01-03,Seated Leg Press,Legs,205.0,10,,,,""
2023-01-03,Seated Leg Press,Legs,205.0,10,,,,""
2023-01-03,Seated Leg Press,Legs,205.0,10,,,,""
2023-01-03,Hammer Strength Shoulder Press,Shoulders,140.0,10,,,,""
2023-01-03,Hammer Strength Shoulder Press,Shoulders,140.0,10,,,,""
2023-01-03,Hammer Strength Shoulder Press,Shoulders,120.0,10,,,,""
2023-01-03,Seated Leg Press,Legs,205.0,10,,,,""
2023-01-03,Seated Leg Press,Legs,205.0,10,,,,""
2023-01-03,Hammer Strength Row,Back,120.0,10,,,,""
2023-01-03,Hammer Strength Row,Back,120.0,10,,,,""
2023-01-03,Hammer Strength Row,Back,120.0,10,,,,""
2023-01-03,Hammer Strength Row,Back,100.0,10,,,,""
2023-01-03,Hammer Strength Row,Back,100.0,10,,,,""
2023-01-05,Seated Leg Press,Legs,250.0,10,,,,""
2023-01-05,Seated Leg Press,Legs,250.0,10,,,,""
2023-01-05,Seated Leg Press,Legs,235.0,10,,,,""
2023-01-05,Seated Leg Press,Legs,205.0,10,,,,""
2023-01-05,Seated Leg Press,Legs,205.0,10,,,,""
2023-01-05,Seated Leg Press,Legs,190.0,10,,,,""
2023-01-05,Back Extension,Back,130.0,10,,,,""
2023-01-05,Back Extension,Back,130.0,10,,,,""
2023-01-05,Back Extension,Back,130.0,10,,,,""
2023-01-05,Seated Calf Extension,Legs,160.0,10,,,,""
2023-01-05,Hammer Strength Row,Back,120.0,10,,,,""
2023-01-05,Hammer Strength Row,Back,120.0,10,,,,""
2023-01-05,Hammer Strength Row,Back,120.0,10,,,,""
2023-01-05,Hammer Strength Row,Back,120.0,10,,,,""
2023-01-05,Hammer Strength Row,Back,120.0,10,,,,""
2023-01-05,Crunch Machine,Abs,140.0,10,,,,""
2023-01-05,Crunch Machine,Abs,140.0,10,,,,""
2023-01-05,Crunch Machine,Abs,140.0,10,,,,""
2023-01-05,Hammer Strength Row,Back,120.0,10,,,,""
2023-01-05,Hammer Strength Row,Back,120.0,10,,,,""
2023-01-09,Hammer Strength Shoulder Press,Shoulders,160.0,10,,,,""
2023-01-09,Hammer Strength Shoulder Press,Shoulders,160.0,10,,,,""
2023-01-09,Hammer Strength Shoulder Press,Shoulders,140.0,10,,,,""
2023-01-09,Hammer Strength Shoulder Press,Shoulders,140.0,10,,,,""
2023-01-09,Hammer Strength Shoulder Press,Shoulders,140.0,8,,,,""
2023-01-09,Seated Leg Press,Legs,250.0,10,,,,""
2023-01-09,Seated Leg Press,Legs,250.0,10,,,,""
2023-01-09,Seated Leg Press,Legs,250.0,10,,,,""
2023-01-09,Seated Leg Press,Legs,200.0,10,,,,""
2023-01-09,Hammer Strength Shoulder Press,Shoulders,180.0,10,,,,""
2023-01-09,Hammer Strength Shoulder Press,Shoulders,160.0,7,,,,""
2023-01-09,Hammer Strength Shoulder Press,Shoulders,120.0,10,,,,""
2023-01-09,Seated Calf Extension,Legs,150.0,10,,,,""
2023-01-09,Seated Calf Extension,Legs,150.0,10,,,,""
2023-01-09,Seated Calf Extension,Legs,150.0,10,,,,""
2023-01-09,Shoulder Press,Shoulders,60.0,10,,,,""
2023-01-09,Shoulder Press,Shoulders,60.0,8,,,,""
2023-01-10,Walking,Cardio,,,1.5,mi,0:20:00,""
2023-01-10,Crunch Machine,Abs,105.0,10,,,,""
2023-01-10,Crunch Machine,Abs,135.0,10,,,,""
2023-01-10,Crunch Machine,Abs,135.0,10,,,,""
2023-01-10,Crunch Machine,Abs,135.0,10,,,,""
2023-01-10,Crunch Machine,Abs,150.0,10,,,,""
2023-01-11,Hammer Strength Chest Press,Chest,80.0,10,,,,""
2023-01-11,Hammer Strength Chest Press,Chest,100.0,10,,,,""
2023-01-11,Hammer Strength Chest Press,Chest,100.0,10,,,,""
2023-01-11,Hammer Strength Chest Press,Chest,100.0,10,,,,""
2023-01-11,Hammer Strength Chest Press,Chest,100.0,10,,,,""
2023-01-11,Chest Press,Chest,70.0,10,,,,""
2023-01-11,Triceps Press,Triceps,100.0,10,,,,""
2023-01-11,Triceps Press,Triceps,100.0,10,,,,""
2023-01-11,Triceps Press,Triceps,100.0,10,,,,""
2023-01-11,Triceps Press,Triceps,100.0,10,,,,""
2023-01-11,Chest Press,Chest,70.0,10,,,,""
2023-01-11,Chest Press,Chest,70.0,10,,,,""
2023-01-11,Chest Press,Chest,70.0,10,,,,""
2023-01-11,Triceps Press,Triceps,100.0,10,,,,""
2023-01-12,Seated Leg Press,Legs,250.0,10,,,,""
2023-01-12,Seated Leg Press,Legs,250.0,10,,,,""
2023-01-12,Seated Leg Press,Legs,250.0,10,,,,""
2023-01-12,Seated Leg Press,Legs,250.0,10,,,,""
2023-01-12,Seated Leg Press,Legs,250.0,10,,,,""
2023-01-12,Seated Leg Press,Legs,250.0,10,,,,""
2023-01-12,Hammer Strength Abdominal Crunch,Abs,100.0,10,,,,""
2023-01-12,Hammer Strength Abdominal Crunch,Abs,80.0,10,,,,""
2023-01-12,Hammer Strength Abdominal Crunch,Abs,80.0,10,,,,""
2023-01-12,Hammer Strength Abdominal Crunch,Abs,80.0,10,,,,""
2023-01-12,Hammer Strength Abdominal Crunch,Abs,80.0,10,,,,""
2023-01-12,Hammer Strength Abdominal Crunch,Abs,60.0,10,,,,""
2023-01-12,Hammer Strength Abdominal Crunch,Abs,60.0,10,,,,""
2023-01-12,Hammer Strength Abdominal Crunch,Abs,60.0,10,,,,""
2023-01-14,Hammer Strength Row,Back,160.0,10,,,,""
2023-01-14,Hammer Strength Row,Back,160.0,10,,,,""
2023-01-14,Hammer Strength Row,Back,140.0,10,,,,""
2023-01-14,Hammer Strength Row,Back,120.0,10,,,,""
2023-01-14,Hammer Strength Row,Back,120.0,10,,,,""
2023-01-14,Hammer Strength Row,Back,120.0,10,,,,""
2023-01-14,Dumbbell Curl,Biceps,20.0,15,,,,""
2023-01-14,Hammer Strength Row,Back,100.0,10,,,,""
2023-01-14,Hammer Strength Row,Back,100.0,10,,,,""
2023-01-14,Hammer Strength Row,Back,120.0,10,,,,""
2023-01-14,Hammer Strength Row,Back,100.0,10,,,,""
2023-01-14,Back Extension,Back,150.0,14,,,,""
2023-01-14,Back Extension,Back,135.0,10,,,,""
2023-01-14,Back Extension,Back,135.0,10,,,,""
2023-01-14,Back Extension,Back,110.0,10,,,,""
2023-01-14,Hammer Strength Row,Back,120.0,10,,,,""
2023-01-14,Back Extension,Back,100.0,10,,,,""
2023-01-14,Back Extension,Back,100.0,10,,,,""
2023-01-14,Hammer Strength Row,Back,120.0,10,,,,""
2023-01-14,Walking,Cardio,,,1.0,mi,0:14:26,""
2023-01-16,Seated Leg Press,Legs,250.0,10,,,,""
2023-01-16,Seated Leg Press,Legs,250.0,10,,,,""
2023-01-16,Seated Leg Press,Legs,250.0,10,,,,""
2023-01-16,Seated Leg Press,Legs,250.0,10,,,,""
2023-01-16,Seated Leg Press,Legs,250.0,10,,,,""
2023-01-16,Seated Leg Press,Legs,250.0,10,,,,""
2023-01-16,Hammer Strength Shoulder Press,Shoulders,200.0,10,,,,""
2023-01-16,Hammer Strength Shoulder Press,Shoulders,180.0,10,,,,""
2023-01-16,Hammer Strength Shoulder Press,Shoulders,140.0,10,,,,""
2023-01-16,Hammer Strength Shoulder Press,Shoulders,140.0,10,,,,""
2023-01-16,Seated Leg Press,Legs,250.0,10,,,,""
2023-01-16,Seated Leg Press,Legs,250.0,10,,,,""
2023-01-16,Shoulder Press,Shoulders,70.0,10,,,,""
2023-01-16,Shoulder Press,Shoulders,60.0,10,,,,""
2023-01-16,Seated Leg Press,Legs,205.0,10,,,,""
2023-01-18,Hammer Strength Chest Press,Chest,140.0,10,,,,""
2023-01-18,Hammer Strength Chest Press,Chest,120.0,10,,,,""
2023-01-18,Hammer Strength Chest Press,Chest,100.0,10,,,,""
2023-01-18,Hammer Strength Chest Press,Chest,100.0,10,,,,""
2023-01-18,Hammer Strength Chest Press,Chest,80.0,10,,,,""
2023-01-18,Hammer Strength Chest Press,Chest,100.0,10,,,,""
2023-01-18,Hammer Strength Chest Press,Chest,100.0,10,,,,""
2023-01-18,Triceps Press,Triceps,110.0,10,,,,""
2023-01-18,Triceps Press,Triceps,120.0,10,,,,""
2023-01-18,Triceps Press,Triceps,100.0,10,,,,""
2023-01-18,Hammer Strength Chest Press,Chest,100.0,10,,,,""
2023-01-18,Triceps Press,Triceps,100.0,10,,,,""
2023-01-18,Triceps Press,Triceps,90.0,10,,,,""
2023-01-18,Triceps Press,Triceps,90.0,10,,,,""
2023-01-18,Hammer Strength Abdominal Crunch,Abs,90.0,5,,,,""
2023-01-18,Walking,Cardio,,,1.0,mi,0:16:06,""
2023-01-19,Dumbbell Curl,Biceps,20.0,15,,,,""
2023-01-19,Hammer Strength Row,Back,200.0,5,,,,""
2023-01-19,Hammer Strength Row,Back,180.0,4,,,,""
2023-01-19,Hammer Strength Row,Back,160.0,5,,,,""
2023-01-19,Hammer Strength Row,Back,160.0,5,,,,""
2023-01-19,Hammer Strength Row,Back,140.0,10,,,,""
2023-01-19,Hammer Strength Row,Back,120.0,10,,,,""
2023-01-19,Hammer Strength Row,Back,120.0,8,,,,""
2023-01-19,Hammer Strength Row,Back,100.0,10,,,,""
2023-01-19,Hammer Strength Row,Back,100.0,10,,,,""
2023-01-19,Dumbbell Curl,Biceps,15.0,10,,,,""
2023-01-19,Dumbbell Curl,Biceps,15.0,10,,,,""
2023-01-19,Deadlift,Back,5.0,60,,,,""
2023-01-19,Dumbbell Curl,Biceps,15.0,10,,,,""
2023-01-19,Walking,Cardio,,,1.0,mi,0:14:00,""
2023-01-23,Seated Leg Press,Legs,250.0,10,,,,""
2023-01-23,Seated Leg Press,Legs,300.0,10,,,,""
2023-01-23,Seated Leg Press,Legs,300.0,10,,,,""
2023-01-23,Seated Leg Press,Legs,250.0,10,,,,""
2023-01-23,Seated Leg Press,Legs,310.0,10,,,,""
2023-01-23,Seated Leg Press,Legs,320.0,10,,,,""
2023-01-23,Seated Leg Press,Legs,275.0,10,,,,""
2023-01-23,Seated Leg Press,Legs,275.0,10,,,,""
2023-01-23,Seated Leg Press,Legs,275.0,10,,,,""
2023-01-23,Hammer Strength Shoulder Press,Shoulders,220.0,10,,,,""
2023-01-23,Hammer Strength Shoulder Press,Shoulders,180.0,10,,,,""
2023-01-23,Hammer Strength Shoulder Press,Shoulders,160.0,10,,,,""
2023-01-23,Hammer Strength Shoulder Press,Shoulders,140.0,4,,,,""
2023-01-23,Hammer Strength Shoulder Press,Shoulders,140.0,6,,,,""
2023-01-23,Shoulder Press,Shoulders,60.0,5,,,,""
2023-01-23,Hammer Strength Shoulder Press,Shoulders,120.0,10,,,,""
2023-01-23,Walking,Cardio,,,0.5,mi,0:05:52,""